"key","ratings_avg","ratings_std","hygiene_avg","hygiene_std","r_value","std_err","len(val)"
"1.25",3.7709759777184635,0.8750583854276932,4.173146106533596,1.1315711604042364,0.0027780735247251564,0.013932065985229343,8617
"2.5",3.816253263707572,0.7908179891181834,4.229915645711991,1.080190455837277,0.002696555993805887,0.009679278044415393,19916
"3.75",3.761152984314524,0.8362218813545467,4.347117539213689,1.0064481162943257,0.019362373813143693,0.017178309011111934,4909
"5.0",3.856046065259117,0.8854263153273417,4.372360844529751,0.9803853644773756,0.03466392569590106,0.0343136285807868,1042
